{
  "id": "02a01e42-69ab-403d-8a16-acd128661f8e",
  "alias": "OfficeUIFabricReact",
  "componentType": "Library",
  "version": "1.12.1",
  "manifestVersion": 2,
  "loaderConfig": {
    "internalModuleBaseUrls": [
      "https://localhost:4321/dist/"
    ],
    "entryModuleId": "office-ui-fabric-react-bundle",
    "scriptResources": {
      "office-ui-fabric-react-bundle": {
        "type": "path",
        "path": "office-ui-fabric-react-bundle_none.js"
      },
      "tslib": {
        "type": "component",
        "id": "01c4df03-e775-48cb-aa14-171ee5199a15",
        "version": "1.10.0"
      },
      "react": {
        "type": "component",
        "id": "0d910c1c-13b9-4e1c-9aa4-b008c5e42d7d",
        "version": "16.9.0"
      },
      "react-dom": {
        "type": "component",
        "id": "aa0a46ec-1505-43cd-a44a-93f3a5aa460a",
        "version": "16.9.0"
      },
      "@ms/uifabric-styling-bundle": {
        "type": "component",
        "id": "17ce0976-e69a-4355-be84-89b69a74717d",
        "version": "0.1.0"
      }
    }
  }
}