{
  "id": "05ed6956-59ad-4aa6-9e4e-b832c96ae87b",
  "alias": "SPA11y",
  "componentType": "Library",
  "version": "0.7.17",
  "manifestVersion": 2,
  "loaderConfig": {
    "internalModuleBaseUrls": [
      "https://localhost:6754/dist/"
    ],
    "entryModuleId": "sp-a11y",
    "scriptResources": {
      "sp-a11y": {
        "type": "path",
        "path": "sp-a11y_none.js"
      },
      "@microsoft/sp-core-library": {
        "type": "component",
        "id": "7263c7d0-1d6a-45ec-8d85-d4d1d234171b",
        "version": "1.12.1"
      }
    }
  }
}