{
  "id": "17ce0976-e69a-4355-be84-89b69a74717d",
  "alias": "FabricStyling",
  "componentType": "Library",
  "version": "0.1.0",
  "manifestVersion": 2,
  "loaderConfig": {
    "internalModuleBaseUrls": [
      "https://localhost:4321/dist/"
    ],
    "entryModuleId": "uifabric-styling-bundle",
    "scriptResources": {
      "uifabric-styling-bundle": {
        "type": "path",
        "path": "uifabric-styling-bundle_none.js"
      },
      "tslib": {
        "type": "component",
        "id": "01c4df03-e775-48cb-aa14-171ee5199a15",
        "version": "1.10.0"
      },
      "react": {
        "type": "component",
        "id": "0d910c1c-13b9-4e1c-9aa4-b008c5e42d7d",
        "version": "16.9.0"
      },
      "@microsoft/load-themed-styles": {
        "type": "component",
        "id": "229b8d08-79f3-438b-8c21-4613fc877abd",
        "version": "0.1.2"
      }
    }
  }
}