{
  "manifestVersion": 2,
  "id": "2e09fb9b-13bb-48f2-859f-97d6fff71176",
  "alias": "OdspCoreBundle",
  "componentType": "Library",
  "version": "1.1.13",
  "loaderConfig": {
    "internalModuleBaseUrls": [
      "https://localhost:4321/dist/"
    ],
    "entryModuleId": "odsp-core-bundle",
    "scriptResources": {
      "odsp-core-bundle": {
        "type": "path",
        "path": "odsp-core-bundle_none.js"
      },
      "tslib": {
        "type": "component",
        "id": "01c4df03-e775-48cb-aa14-171ee5199a15",
        "version": "1.10.0"
      }
    }
  }
}