{
  "manifestVersion": 2,
  "componentType": "Library",
  "id": "44bae1a2-d2eb-4e10-8c21-a1dbdce1036f",
  "alias": "sp-loader-assembly",
  "isInternal": true,
  "version": "1.0.0",
  "rootComponentId": "1c6c9123-7aac-41f3-a376-3caea41ed83f",
  "requiresCustomScript": false,
  "loaderConfig": {
    "internalModuleBaseUrls": [],
    "entryModuleId": "sp-loader-assembly",
    "scriptResources": {
      "sp-loader-assembly": {
        "type": "localizedPath",
        "paths": {
          "default": "sp-loader-assembly_default.js",
          "en-US": "sp-loader-assembly_en-us.js",
          "qps-ploca": "sp-loader-assembly_qps-ploca.js",
          "qps-ploc": "sp-loader-assembly_qps-ploc.js",
          "en-GB": "sp-loader-assembly_en-us.js",
          "en-NZ": "sp-loader-assembly_en-us.js",
          "en-IE": "sp-loader-assembly_en-us.js",
          "en-AU": "sp-loader-assembly_en-us.js",
          "bn": "sp-loader-assembly_en-us.js",
          "chr": "sp-loader-assembly_en-us.js",
          "dv": "sp-loader-assembly_en-us.js",
          "div": "sp-loader-assembly_en-us.js",
          "en": "sp-loader-assembly_en-us.js",
          "fil": "sp-loader-assembly_en-us.js",
          "haw": "sp-loader-assembly_en-us.js",
          "iu": "sp-loader-assembly_en-us.js",
          "lo": "sp-loader-assembly_en-us.js",
          "moh": "sp-loader-assembly_en-us.js",
          "sq": "sp-loader-assembly_en-us.js",
          "am": "sp-loader-assembly_en-us.js",
          "hy": "sp-loader-assembly_en-us.js",
          "mk": "sp-loader-assembly_en-us.js",
          "bs": "sp-loader-assembly_en-us.js",
          "my": "sp-loader-assembly_en-us.js",
          "dz": "sp-loader-assembly_en-us.js",
          "en-CY": "sp-loader-assembly_en-us.js",
          "en-EG": "sp-loader-assembly_en-us.js",
          "en-IL": "sp-loader-assembly_en-us.js",
          "en-IS": "sp-loader-assembly_en-us.js",
          "en-JO": "sp-loader-assembly_en-us.js",
          "en-KE": "sp-loader-assembly_en-us.js",
          "en-KW": "sp-loader-assembly_en-us.js",
          "en-MK": "sp-loader-assembly_en-us.js",
          "en-MT": "sp-loader-assembly_en-us.js",
          "en-PK": "sp-loader-assembly_en-us.js",
          "en-QA": "sp-loader-assembly_en-us.js",
          "en-SA": "sp-loader-assembly_en-us.js",
          "en-LK": "sp-loader-assembly_en-us.js",
          "en-AE": "sp-loader-assembly_en-us.js",
          "en-VN": "sp-loader-assembly_en-us.js",
          "is": "sp-loader-assembly_en-us.js",
          "km": "sp-loader-assembly_en-us.js",
          "kh": "sp-loader-assembly_en-us.js",
          "mt": "sp-loader-assembly_en-us.js",
          "fa": "sp-loader-assembly_en-us.js",
          "gd": "sp-loader-assembly_en-us.js",
          "sr-Cyrl-BA": "sp-loader-assembly_en-us.js",
          "sr-Latn-BA": "sp-loader-assembly_en-us.js",
          "sd": "sp-loader-assembly_en-us.js",
          "si": "sp-loader-assembly_en-us.js",
          "so": "sp-loader-assembly_en-us.js",
          "ti-ET": "sp-loader-assembly_en-us.js",
          "uz": "sp-loader-assembly_en-us.js",
          "en-SG": "sp-loader-assembly_en-us.js",
          "en-HK": "sp-loader-assembly_en-us.js",
          "en-MY": "sp-loader-assembly_en-us.js",
          "en-PH": "sp-loader-assembly_en-us.js",
          "en-TT": "sp-loader-assembly_en-us.js",
          "en-AZ": "sp-loader-assembly_en-us.js",
          "en-BH": "sp-loader-assembly_en-us.js",
          "en-BN": "sp-loader-assembly_en-us.js",
          "en-ID": "sp-loader-assembly_en-us.js",
          "mi": "sp-loader-assembly_en-us.js"
        },
        "defaultPath": "sp-loader-assembly_default.js"
      }
    }
  }
}