{
  "manifestVersion": 2,
  "id": "4958ea79-6ff3-4480-8291-0932dd010869",
  "alias": "SPSearchExtensibility",
  "componentType": "Library",
  "version": "1.12.1",
  "loaderConfig": {
    "internalModuleBaseUrls": [
      "https://localhost:4321/dist/"
    ],
    "entryModuleId": "sp-search-extensibility",
    "scriptResources": {
      "sp-search-extensibility": {
        "type": "path",
        "path": "sp-search-extensibility_none.js"
      },
      "tslib": {
        "type": "component",
        "id": "01c4df03-e775-48cb-aa14-171ee5199a15",
        "version": "1.10.0"
      },
      "@microsoft/sp-loader": {
        "type": "component",
        "id": "1c6c9123-7aac-41f3-a376-3caea41ed83f",
        "version": "1.12.1"
      },
      "@microsoft/sp-core-library": {
        "type": "component",
        "id": "7263c7d0-1d6a-45ec-8d85-d4d1d234171b",
        "version": "1.12.1"
      },
      "@microsoft/sp-extension-base": {
        "type": "component",
        "id": "0773bd53-a69e-4293-87e6-ba80ea4d614b",
        "version": "1.12.1"
      },
      "@microsoft/sp-diagnostics": {
        "type": "component",
        "id": "78359e4b-07c2-43c6-8d0b-d060b4d577e8",
        "version": "1.12.1"
      }
    }
  }
}