{
  "id": "4df9bb86-ab0a-4aab-ab5f-48bf167048fb",
  "alias": "SPApplicationBase",
  "componentType": "Library",
  "version": "1.12.1",
  "manifestVersion": 2,
  "preloadComponents": [
    "c0c518b8-701b-4f6f-956d-5782772bb731",
    "4958ea79-6ff3-4480-8291-0932dd010869"
  ],
  "loaderConfig": {
    "internalModuleBaseUrls": [
      "https://localhost:4321/dist/"
    ],
    "entryModuleId": "sp-application-base",
    "scriptResources": {
      "sp-application-base": {
        "type": "localizedPath",
        "paths": {
          "default": "sp-application-base_default.js",
          "en-US": "sp-application-base_en-us.js",
          "qps-ploca": "sp-application-base_qps-ploca.js",
          "qps-ploc": "sp-application-base_qps-ploc.js",
          "en-GB": "sp-application-base_en-us.js",
          "en-NZ": "sp-application-base_en-us.js",
          "en-IE": "sp-application-base_en-us.js",
          "en-AU": "sp-application-base_en-us.js",
          "bn": "sp-application-base_en-us.js",
          "chr": "sp-application-base_en-us.js",
          "dv": "sp-application-base_en-us.js",
          "div": "sp-application-base_en-us.js",
          "en": "sp-application-base_en-us.js",
          "fil": "sp-application-base_en-us.js",
          "haw": "sp-application-base_en-us.js",
          "iu": "sp-application-base_en-us.js",
          "lo": "sp-application-base_en-us.js",
          "moh": "sp-application-base_en-us.js",
          "sq": "sp-application-base_en-us.js",
          "am": "sp-application-base_en-us.js",
          "hy": "sp-application-base_en-us.js",
          "mk": "sp-application-base_en-us.js",
          "bs": "sp-application-base_en-us.js",
          "my": "sp-application-base_en-us.js",
          "dz": "sp-application-base_en-us.js",
          "en-CY": "sp-application-base_en-us.js",
          "en-EG": "sp-application-base_en-us.js",
          "en-IL": "sp-application-base_en-us.js",
          "en-IS": "sp-application-base_en-us.js",
          "en-JO": "sp-application-base_en-us.js",
          "en-KE": "sp-application-base_en-us.js",
          "en-KW": "sp-application-base_en-us.js",
          "en-MK": "sp-application-base_en-us.js",
          "en-MT": "sp-application-base_en-us.js",
          "en-PK": "sp-application-base_en-us.js",
          "en-QA": "sp-application-base_en-us.js",
          "en-SA": "sp-application-base_en-us.js",
          "en-LK": "sp-application-base_en-us.js",
          "en-AE": "sp-application-base_en-us.js",
          "en-VN": "sp-application-base_en-us.js",
          "is": "sp-application-base_en-us.js",
          "km": "sp-application-base_en-us.js",
          "kh": "sp-application-base_en-us.js",
          "mt": "sp-application-base_en-us.js",
          "fa": "sp-application-base_en-us.js",
          "gd": "sp-application-base_en-us.js",
          "sr-Cyrl-BA": "sp-application-base_en-us.js",
          "sr-Latn-BA": "sp-application-base_en-us.js",
          "sd": "sp-application-base_en-us.js",
          "si": "sp-application-base_en-us.js",
          "so": "sp-application-base_en-us.js",
          "ti-ET": "sp-application-base_en-us.js",
          "uz": "sp-application-base_en-us.js",
          "en-SG": "sp-application-base_en-us.js",
          "en-HK": "sp-application-base_en-us.js",
          "en-MY": "sp-application-base_en-us.js",
          "en-PH": "sp-application-base_en-us.js",
          "en-TT": "sp-application-base_en-us.js",
          "en-AZ": "sp-application-base_en-us.js",
          "en-BH": "sp-application-base_en-us.js",
          "en-BN": "sp-application-base_en-us.js",
          "en-ID": "sp-application-base_en-us.js",
          "mi": "sp-application-base_en-us.js"
        },
        "defaultPath": "sp-application-base_default.js"
      },
      "tslib": {
        "type": "component",
        "id": "01c4df03-e775-48cb-aa14-171ee5199a15",
        "version": "1.10.0"
      },
      "@ms/sp-telemetry": {
        "type": "component",
        "id": "8217e442-8ed3-41fd-957d-b112e841286a",
        "version": "0.19.2"
      },
      "@ms/sp-suite-nav": {
        "type": "component",
        "id": "f8a8ad94-4cf3-4a19-a76b-1cec9da00219",
        "version": "0.1.0"
      },
      "@microsoft/sp-component-base": {
        "type": "component",
        "id": "467dc675-7cc5-4709-8aac-78e3b71bd2f6",
        "version": "1.12.1"
      },
      "@microsoft/sp-loader": {
        "type": "component",
        "id": "1c6c9123-7aac-41f3-a376-3caea41ed83f",
        "version": "1.12.1"
      },
      "@ms/odsp-core-bundle": {
        "type": "component",
        "id": "2e09fb9b-13bb-48f2-859f-97d6fff71176",
        "version": "1.1.13"
      },
      "@microsoft/sp-lodash-subset": {
        "type": "component",
        "id": "73e1dc6c-8441-42cc-ad47-4bd3659f8a3a",
        "version": "1.12.1"
      },
      "@microsoft/sp-core-library": {
        "type": "component",
        "id": "7263c7d0-1d6a-45ec-8d85-d4d1d234171b",
        "version": "1.12.1"
      },
      "@microsoft/sp-page-context": {
        "type": "component",
        "id": "1c4541f7-5c31-41aa-9fa8-fbc9dc14c0a8",
        "version": "1.12.1"
      },
      "@microsoft/sp-extension-base": {
        "type": "component",
        "id": "0773bd53-a69e-4293-87e6-ba80ea4d614b",
        "version": "1.12.1"
      },
      "@ms/uifabric-styling-bundle": {
        "type": "component",
        "id": "17ce0976-e69a-4355-be84-89b69a74717d",
        "version": "0.1.0"
      },
      "@microsoft/load-themed-styles": {
        "type": "component",
        "id": "229b8d08-79f3-438b-8c21-4613fc877abd",
        "version": "0.1.2"
      },
      "@microsoft/sp-diagnostics": {
        "type": "component",
        "id": "78359e4b-07c2-43c6-8d0b-d060b4d577e8",
        "version": "1.12.1"
      },
      "@microsoft/sp-http": {
        "type": "component",
        "id": "c07208f0-ea3b-4c1a-9965-ac1b825211a6",
        "version": "1.12.1"
      }
    }
  }
}