{
  "manifestVersion": 2,
  "id": "5f4cceb9-6310-47e8-85d4-8149fc59b546",
  "alias": "SpViewportLoader",
  "componentType": "Library",
  "version": "0.1.0",
  "loaderConfig": {
    "internalModuleBaseUrls": [
      "https://localhost:4321/dist/"
    ],
    "entryModuleId": "sp-viewport-loader",
    "scriptResources": {
      "sp-viewport-loader": {
        "type": "path",
        "path": "sp-viewport-loader_none.js"
      },
      "tslib": {
        "type": "component",
        "id": "01c4df03-e775-48cb-aa14-171ee5199a15",
        "version": "1.10.0"
      },
      "@ms/sp-telemetry": {
        "type": "component",
        "id": "8217e442-8ed3-41fd-957d-b112e841286a",
        "version": "0.19.2"
      },
      "@microsoft/sp-lodash-subset": {
        "type": "component",
        "id": "73e1dc6c-8441-42cc-ad47-4bd3659f8a3a",
        "version": "1.12.1"
      },
      "@microsoft/sp-core-library": {
        "type": "component",
        "id": "7263c7d0-1d6a-45ec-8d85-d4d1d234171b",
        "version": "1.12.1"
      },
      "@microsoft/sp-webpart-base": {
        "type": "component",
        "id": "974a7777-0990-4136-8fa6-95d80114c2e0",
        "version": "1.12.1"
      },
      "react": {
        "type": "component",
        "id": "0d910c1c-13b9-4e1c-9aa4-b008c5e42d7d",
        "version": "16.9.0"
      },
      "@microsoft/sp-diagnostics": {
        "type": "component",
        "id": "78359e4b-07c2-43c6-8d0b-d060b4d577e8",
        "version": "1.12.1"
      }
    }
  }
}