{
  "alias": "FirstRunExperience",
  "componentType": "Library",
  "id": "6da60671-741f-47c5-b35b-5078edaf312f",
  "manifestVersion": 2,
  "version": "0.1.0",
  "loaderConfig": {
    "internalModuleBaseUrls": [
      "https://localhost:4321/dist/"
    ],
    "entryModuleId": "sp-coachmark-utility",
    "scriptResources": {
      "sp-coachmark-utility": {
        "type": "localizedPath",
        "paths": {
          "default": "sp-coachmark-utility_default.js",
          "en-US": "sp-coachmark-utility_en-us.js",
          "qps-ploca": "sp-coachmark-utility_qps-ploca.js",
          "qps-ploc": "sp-coachmark-utility_qps-ploc.js",
          "en-GB": "sp-coachmark-utility_en-us.js",
          "en-NZ": "sp-coachmark-utility_en-us.js",
          "en-IE": "sp-coachmark-utility_en-us.js",
          "en-AU": "sp-coachmark-utility_en-us.js",
          "bn": "sp-coachmark-utility_en-us.js",
          "chr": "sp-coachmark-utility_en-us.js",
          "dv": "sp-coachmark-utility_en-us.js",
          "div": "sp-coachmark-utility_en-us.js",
          "en": "sp-coachmark-utility_en-us.js",
          "fil": "sp-coachmark-utility_en-us.js",
          "haw": "sp-coachmark-utility_en-us.js",
          "iu": "sp-coachmark-utility_en-us.js",
          "lo": "sp-coachmark-utility_en-us.js",
          "moh": "sp-coachmark-utility_en-us.js",
          "sq": "sp-coachmark-utility_en-us.js",
          "am": "sp-coachmark-utility_en-us.js",
          "hy": "sp-coachmark-utility_en-us.js",
          "mk": "sp-coachmark-utility_en-us.js",
          "bs": "sp-coachmark-utility_en-us.js",
          "my": "sp-coachmark-utility_en-us.js",
          "dz": "sp-coachmark-utility_en-us.js",
          "en-CY": "sp-coachmark-utility_en-us.js",
          "en-EG": "sp-coachmark-utility_en-us.js",
          "en-IL": "sp-coachmark-utility_en-us.js",
          "en-IS": "sp-coachmark-utility_en-us.js",
          "en-JO": "sp-coachmark-utility_en-us.js",
          "en-KE": "sp-coachmark-utility_en-us.js",
          "en-KW": "sp-coachmark-utility_en-us.js",
          "en-MK": "sp-coachmark-utility_en-us.js",
          "en-MT": "sp-coachmark-utility_en-us.js",
          "en-PK": "sp-coachmark-utility_en-us.js",
          "en-QA": "sp-coachmark-utility_en-us.js",
          "en-SA": "sp-coachmark-utility_en-us.js",
          "en-LK": "sp-coachmark-utility_en-us.js",
          "en-AE": "sp-coachmark-utility_en-us.js",
          "en-VN": "sp-coachmark-utility_en-us.js",
          "is": "sp-coachmark-utility_en-us.js",
          "km": "sp-coachmark-utility_en-us.js",
          "kh": "sp-coachmark-utility_en-us.js",
          "mt": "sp-coachmark-utility_en-us.js",
          "fa": "sp-coachmark-utility_en-us.js",
          "gd": "sp-coachmark-utility_en-us.js",
          "sr-Cyrl-BA": "sp-coachmark-utility_en-us.js",
          "sr-Latn-BA": "sp-coachmark-utility_en-us.js",
          "sd": "sp-coachmark-utility_en-us.js",
          "si": "sp-coachmark-utility_en-us.js",
          "so": "sp-coachmark-utility_en-us.js",
          "ti-ET": "sp-coachmark-utility_en-us.js",
          "uz": "sp-coachmark-utility_en-us.js",
          "en-SG": "sp-coachmark-utility_en-us.js",
          "en-HK": "sp-coachmark-utility_en-us.js",
          "en-MY": "sp-coachmark-utility_en-us.js",
          "en-PH": "sp-coachmark-utility_en-us.js",
          "en-TT": "sp-coachmark-utility_en-us.js",
          "en-AZ": "sp-coachmark-utility_en-us.js",
          "en-BH": "sp-coachmark-utility_en-us.js",
          "en-BN": "sp-coachmark-utility_en-us.js",
          "en-ID": "sp-coachmark-utility_en-us.js",
          "mi": "sp-coachmark-utility_en-us.js"
        },
        "defaultPath": "sp-coachmark-utility_default.js"
      },
      "@microsoft/sp-loader": {
        "type": "component",
        "id": "1c6c9123-7aac-41f3-a376-3caea41ed83f",
        "version": "1.12.1"
      },
      "@microsoft/sp-core-library": {
        "type": "component",
        "id": "7263c7d0-1d6a-45ec-8d85-d4d1d234171b",
        "version": "1.12.1"
      },
      "@microsoft/load-themed-styles": {
        "type": "component",
        "id": "229b8d08-79f3-438b-8c21-4613fc877abd",
        "version": "0.1.2"
      },
      "@microsoft/sp-diagnostics": {
        "type": "component",
        "id": "78359e4b-07c2-43c6-8d0b-d060b4d577e8",
        "version": "1.12.1"
      }
    }
  }
}