{
  "id": "6ff2150d-f5a7-4af8-a69a-ecf112dc2a90",
  "alias": "FabricVariants",
  "componentType": "Library",
  "version": "0.1.0",
  "manifestVersion": 2,
  "loaderConfig": {
    "internalModuleBaseUrls": [
      "https://localhost:4321/dist/"
    ],
    "entryModuleId": "uifabric-variants-bundle",
    "scriptResources": {
      "uifabric-variants-bundle": {
        "type": "path",
        "path": "uifabric-variants-bundle_none.js"
      },
      "tslib": {
        "type": "component",
        "id": "01c4df03-e775-48cb-aa14-171ee5199a15",
        "version": "1.10.0"
      },
      "@ms/uifabric-styling-bundle": {
        "type": "component",
        "id": "17ce0976-e69a-4355-be84-89b69a74717d",
        "version": "0.1.0"
      }
    }
  }
}