{
  "id": "764afdc3-183e-47f5-8d20-a62aff2b0881",
  "alias": "SPPagesCore",
  "componentType": "Library",
  "version": "0.1.0",
  "manifestVersion": 2,
  "preloadComponents": [
    "1e2cdec9-1360-4295-b73c-98d6f51866d5"
  ],
  "loaderConfig": {
    "internalModuleBaseUrls": [
      "http://localhost:4321/dist/"
    ],
    "entryModuleId": "sp-pages-core",
    "scriptResources": {
      "sp-pages-core": {
        "type": "localizedPath",
        "paths": {
          "default": "sp-pages-core_default.js",
          "en-US": "sp-pages-core_en-us.js",
          "qps-ploca": "sp-pages-core_qps-ploca.js",
          "qps-ploc": "sp-pages-core_qps-ploc.js",
          "en-GB": "sp-pages-core_en-us.js",
          "en-NZ": "sp-pages-core_en-us.js",
          "en-IE": "sp-pages-core_en-us.js",
          "en-AU": "sp-pages-core_en-us.js",
          "bn": "sp-pages-core_en-us.js",
          "chr": "sp-pages-core_en-us.js",
          "dv": "sp-pages-core_en-us.js",
          "div": "sp-pages-core_en-us.js",
          "en": "sp-pages-core_en-us.js",
          "fil": "sp-pages-core_en-us.js",
          "haw": "sp-pages-core_en-us.js",
          "iu": "sp-pages-core_en-us.js",
          "lo": "sp-pages-core_en-us.js",
          "moh": "sp-pages-core_en-us.js",
          "sq": "sp-pages-core_en-us.js",
          "am": "sp-pages-core_en-us.js",
          "hy": "sp-pages-core_en-us.js",
          "mk": "sp-pages-core_en-us.js",
          "bs": "sp-pages-core_en-us.js",
          "my": "sp-pages-core_en-us.js",
          "dz": "sp-pages-core_en-us.js",
          "en-CY": "sp-pages-core_en-us.js",
          "en-EG": "sp-pages-core_en-us.js",
          "en-IL": "sp-pages-core_en-us.js",
          "en-IS": "sp-pages-core_en-us.js",
          "en-JO": "sp-pages-core_en-us.js",
          "en-KE": "sp-pages-core_en-us.js",
          "en-KW": "sp-pages-core_en-us.js",
          "en-MK": "sp-pages-core_en-us.js",
          "en-MT": "sp-pages-core_en-us.js",
          "en-PK": "sp-pages-core_en-us.js",
          "en-QA": "sp-pages-core_en-us.js",
          "en-SA": "sp-pages-core_en-us.js",
          "en-LK": "sp-pages-core_en-us.js",
          "en-AE": "sp-pages-core_en-us.js",
          "en-VN": "sp-pages-core_en-us.js",
          "is": "sp-pages-core_en-us.js",
          "km": "sp-pages-core_en-us.js",
          "kh": "sp-pages-core_en-us.js",
          "mt": "sp-pages-core_en-us.js",
          "fa": "sp-pages-core_en-us.js",
          "gd": "sp-pages-core_en-us.js",
          "sr-Cyrl-BA": "sp-pages-core_en-us.js",
          "sr-Latn-BA": "sp-pages-core_en-us.js",
          "sd": "sp-pages-core_en-us.js",
          "si": "sp-pages-core_en-us.js",
          "so": "sp-pages-core_en-us.js",
          "ti-ET": "sp-pages-core_en-us.js",
          "uz": "sp-pages-core_en-us.js",
          "en-SG": "sp-pages-core_en-us.js",
          "en-HK": "sp-pages-core_en-us.js",
          "en-MY": "sp-pages-core_en-us.js",
          "en-PH": "sp-pages-core_en-us.js",
          "en-TT": "sp-pages-core_en-us.js",
          "en-AZ": "sp-pages-core_en-us.js",
          "en-BH": "sp-pages-core_en-us.js",
          "en-BN": "sp-pages-core_en-us.js",
          "en-ID": "sp-pages-core_en-us.js",
          "mi": "sp-pages-core_en-us.js"
        },
        "defaultPath": "sp-pages-core_default.js"
      },
      "tslib": {
        "type": "component",
        "id": "01c4df03-e775-48cb-aa14-171ee5199a15",
        "version": "1.10.0"
      },
      "@ms/sp-telemetry": {
        "type": "component",
        "id": "8217e442-8ed3-41fd-957d-b112e841286a",
        "version": "0.19.2"
      },
      "@ms/sp-suite-nav": {
        "type": "component",
        "id": "f8a8ad94-4cf3-4a19-a76b-1cec9da00219",
        "version": "0.1.0"
      },
      "@microsoft/sp-application-base": {
        "type": "component",
        "id": "4df9bb86-ab0a-4aab-ab5f-48bf167048fb",
        "version": "1.12.1"
      },
      "@microsoft/sp-loader": {
        "type": "component",
        "id": "1c6c9123-7aac-41f3-a376-3caea41ed83f",
        "version": "1.12.1"
      },
      "@ms/odsp-core-bundle": {
        "type": "component",
        "id": "2e09fb9b-13bb-48f2-859f-97d6fff71176",
        "version": "1.1.13"
      },
      "@microsoft/office-ui-fabric-react-bundle": {
        "type": "component",
        "id": "02a01e42-69ab-403d-8a16-acd128661f8e",
        "version": "1.12.1"
      },
      "@microsoft/sp-lodash-subset": {
        "type": "component",
        "id": "73e1dc6c-8441-42cc-ad47-4bd3659f8a3a",
        "version": "1.12.1"
      },
      "@microsoft/sp-core-library": {
        "type": "component",
        "id": "7263c7d0-1d6a-45ec-8d85-d4d1d234171b",
        "version": "1.12.1"
      },
      "@microsoft/sp-page-context": {
        "type": "component",
        "id": "1c4541f7-5c31-41aa-9fa8-fbc9dc14c0a8",
        "version": "1.12.1"
      },
      "react": {
        "type": "component",
        "id": "0d910c1c-13b9-4e1c-9aa4-b008c5e42d7d",
        "version": "16.9.0"
      },
      "react-dom": {
        "type": "component",
        "id": "aa0a46ec-1505-43cd-a44a-93f3a5aa460a",
        "version": "16.9.0"
      },
      "@microsoft/load-themed-styles": {
        "type": "component",
        "id": "229b8d08-79f3-438b-8c21-4613fc877abd",
        "version": "0.1.2"
      },
      "@microsoft/sp-diagnostics": {
        "type": "component",
        "id": "78359e4b-07c2-43c6-8d0b-d060b4d577e8",
        "version": "1.12.1"
      },
      "@ms/uifabric-variants-bundle": {
        "type": "component",
        "id": "6ff2150d-f5a7-4af8-a69a-ecf112dc2a90",
        "version": "0.1.0"
      },
      "@ms/odsp-utilities-bundle": {
        "type": "component",
        "id": "cc2cc925-b5be-41bb-880a-f0f8030c6aff",
        "version": "5.3.140"
      },
      "@ms/sp-a11y": {
        "type": "component",
        "id": "05ed6956-59ad-4aa6-9e4e-b832c96ae87b",
        "version": "0.7.17"
      }
    }
  }
}