{
  "manifestVersion": 2,
  "id": "78359e4b-07c2-43c6-8d0b-d060b4d577e8",
  "alias": "SPDiagnostics",
  "componentType": "Library",
  "version": "1.12.1",
  "loaderConfig": {
    "internalModuleBaseUrls": [
      "https://localhost:4321/dist/"
    ],
    "entryModuleId": "sp-diagnostics",
    "scriptResources": {
      "sp-diagnostics": {
        "type": "path",
        "path": "sp-diagnostics_none.js"
      },
      "@microsoft/sp-lodash-subset": {
        "type": "component",
        "id": "73e1dc6c-8441-42cc-ad47-4bd3659f8a3a",
        "version": "1.12.1"
      },
      "@microsoft/sp-core-library": {
        "type": "component",
        "id": "7263c7d0-1d6a-45ec-8d85-d4d1d234171b",
        "version": "1.12.1"
      }
    }
  }
}