{
  "id": "8217e442-8ed3-41fd-957d-b112e841286a",
  "alias": "SPTelemetry",
  "componentType": "Library",
  "version": "0.19.2",
  "manifestVersion": 2,
  "loaderConfig": {
    "internalModuleBaseUrls": [
      "https://localhost:4321/dist/"
    ],
    "entryModuleId": "sp-telemetry",
    "scriptResources": {
      "sp-telemetry": {
        "type": "path",
        "path": "sp-telemetry_none.js"
      },
      "tslib": {
        "type": "component",
        "id": "01c4df03-e775-48cb-aa14-171ee5199a15",
        "version": "1.10.0"
      },
      "@ms/odsp-core-bundle": {
        "type": "component",
        "id": "2e09fb9b-13bb-48f2-859f-97d6fff71176",
        "version": "1.1.13"
      },
      "@microsoft/sp-lodash-subset": {
        "type": "component",
        "id": "73e1dc6c-8441-42cc-ad47-4bd3659f8a3a",
        "version": "1.12.1"
      },
      "@microsoft/sp-core-library": {
        "type": "component",
        "id": "7263c7d0-1d6a-45ec-8d85-d4d1d234171b",
        "version": "1.12.1"
      },
      "@microsoft/sp-diagnostics": {
        "type": "component",
        "id": "78359e4b-07c2-43c6-8d0b-d060b4d577e8",
        "version": "1.12.1"
      }
    }
  }
}