{
  "manifestVersion": 2,
  "id": "8502035a-8180-4e8d-9513-07d22f75b15c",
  "alias": "SPSearchCommon",
  "componentType": "Library",
  "version": "0.1.0",
  "loaderConfig": {
    "internalModuleBaseUrls": [
      "http://localhost:4321/dist/"
    ],
    "entryModuleId": "sp-search-common",
    "scriptResources": {
      "sp-search-common": {
        "type": "localizedPath",
        "paths": {
          "default": "sp-search-common_default.js",
          "en-US": "sp-search-common_en-us.js",
          "qps-ploca": "sp-search-common_qps-ploca.js",
          "qps-ploc": "sp-search-common_qps-ploc.js",
          "en-GB": "sp-search-common_en-us.js",
          "en-NZ": "sp-search-common_en-us.js",
          "en-IE": "sp-search-common_en-us.js",
          "en-AU": "sp-search-common_en-us.js",
          "bn": "sp-search-common_en-us.js",
          "chr": "sp-search-common_en-us.js",
          "dv": "sp-search-common_en-us.js",
          "div": "sp-search-common_en-us.js",
          "en": "sp-search-common_en-us.js",
          "fil": "sp-search-common_en-us.js",
          "haw": "sp-search-common_en-us.js",
          "iu": "sp-search-common_en-us.js",
          "lo": "sp-search-common_en-us.js",
          "moh": "sp-search-common_en-us.js",
          "sq": "sp-search-common_en-us.js",
          "am": "sp-search-common_en-us.js",
          "hy": "sp-search-common_en-us.js",
          "mk": "sp-search-common_en-us.js",
          "bs": "sp-search-common_en-us.js",
          "my": "sp-search-common_en-us.js",
          "dz": "sp-search-common_en-us.js",
          "en-CY": "sp-search-common_en-us.js",
          "en-EG": "sp-search-common_en-us.js",
          "en-IL": "sp-search-common_en-us.js",
          "en-IS": "sp-search-common_en-us.js",
          "en-JO": "sp-search-common_en-us.js",
          "en-KE": "sp-search-common_en-us.js",
          "en-KW": "sp-search-common_en-us.js",
          "en-MK": "sp-search-common_en-us.js",
          "en-MT": "sp-search-common_en-us.js",
          "en-PK": "sp-search-common_en-us.js",
          "en-QA": "sp-search-common_en-us.js",
          "en-SA": "sp-search-common_en-us.js",
          "en-LK": "sp-search-common_en-us.js",
          "en-AE": "sp-search-common_en-us.js",
          "en-VN": "sp-search-common_en-us.js",
          "is": "sp-search-common_en-us.js",
          "km": "sp-search-common_en-us.js",
          "kh": "sp-search-common_en-us.js",
          "mt": "sp-search-common_en-us.js",
          "fa": "sp-search-common_en-us.js",
          "gd": "sp-search-common_en-us.js",
          "sr-Cyrl-BA": "sp-search-common_en-us.js",
          "sr-Latn-BA": "sp-search-common_en-us.js",
          "sd": "sp-search-common_en-us.js",
          "si": "sp-search-common_en-us.js",
          "so": "sp-search-common_en-us.js",
          "ti-ET": "sp-search-common_en-us.js",
          "uz": "sp-search-common_en-us.js",
          "en-SG": "sp-search-common_en-us.js",
          "en-HK": "sp-search-common_en-us.js",
          "en-MY": "sp-search-common_en-us.js",
          "en-PH": "sp-search-common_en-us.js",
          "en-TT": "sp-search-common_en-us.js",
          "en-AZ": "sp-search-common_en-us.js",
          "en-BH": "sp-search-common_en-us.js",
          "en-BN": "sp-search-common_en-us.js",
          "en-ID": "sp-search-common_en-us.js",
          "mi": "sp-search-common_en-us.js"
        },
        "defaultPath": "sp-search-common_default.js"
      },
      "@microsoft/sp-loader": {
        "type": "component",
        "id": "1c6c9123-7aac-41f3-a376-3caea41ed83f",
        "version": "1.12.1"
      },
      "@microsoft/sp-core-library": {
        "type": "component",
        "id": "7263c7d0-1d6a-45ec-8d85-d4d1d234171b",
        "version": "1.12.1"
      }
    }
  }
}