{
  "id": "8be81a5c-af38-4bb2-af97-afa3b64dfbed",
  "alias": "WebPartWorkbench",
  "componentType": "Application",
  "version": "1.12.1",
  "manifestVersion": 2,
  "title": {
    "default": "WebpartWorkbench"
  },
  "description": {
    "default": "WebpartWorkbench"
  },
  "assemblyId": "5dae53c4-db1e-4d0b-b8b2-88c874dabf83",
  "hasSuiteNav": true,
  "preloadComponents": [],
  "preloadOptions": {
    "shouldPreloadWeb": true,
    "shouldPreloadUser": true,
    "shouldPreloadList": false,
    "shouldPreloadItem": true,
    "shouldPreloadQuickLaunch": true
  },
  "loaderConfig": {
    "internalModuleBaseUrls": [
      "https://localhost:4321/dist/"
    ],
    "entryModuleId": "sp-webpart-workbench",
    "scriptResources": {
      "sp-webpart-workbench": {
        "type": "localizedPath",
        "paths": {
          "default": "sp-webpart-workbench_default.js",
          "en-US": "sp-webpart-workbench_en-us.js",
          "qps-ploca": "sp-webpart-workbench_qps-ploca.js",
          "qps-ploc": "sp-webpart-workbench_qps-ploc.js",
          "en-GB": "sp-webpart-workbench_en-us.js",
          "en-NZ": "sp-webpart-workbench_en-us.js",
          "en-IE": "sp-webpart-workbench_en-us.js",
          "en-AU": "sp-webpart-workbench_en-us.js",
          "bn": "sp-webpart-workbench_en-us.js",
          "chr": "sp-webpart-workbench_en-us.js",
          "dv": "sp-webpart-workbench_en-us.js",
          "div": "sp-webpart-workbench_en-us.js",
          "en": "sp-webpart-workbench_en-us.js",
          "fil": "sp-webpart-workbench_en-us.js",
          "haw": "sp-webpart-workbench_en-us.js",
          "iu": "sp-webpart-workbench_en-us.js",
          "lo": "sp-webpart-workbench_en-us.js",
          "moh": "sp-webpart-workbench_en-us.js",
          "sq": "sp-webpart-workbench_en-us.js",
          "am": "sp-webpart-workbench_en-us.js",
          "hy": "sp-webpart-workbench_en-us.js",
          "mk": "sp-webpart-workbench_en-us.js",
          "bs": "sp-webpart-workbench_en-us.js",
          "my": "sp-webpart-workbench_en-us.js",
          "dz": "sp-webpart-workbench_en-us.js",
          "en-CY": "sp-webpart-workbench_en-us.js",
          "en-EG": "sp-webpart-workbench_en-us.js",
          "en-IL": "sp-webpart-workbench_en-us.js",
          "en-IS": "sp-webpart-workbench_en-us.js",
          "en-JO": "sp-webpart-workbench_en-us.js",
          "en-KE": "sp-webpart-workbench_en-us.js",
          "en-KW": "sp-webpart-workbench_en-us.js",
          "en-MK": "sp-webpart-workbench_en-us.js",
          "en-MT": "sp-webpart-workbench_en-us.js",
          "en-PK": "sp-webpart-workbench_en-us.js",
          "en-QA": "sp-webpart-workbench_en-us.js",
          "en-SA": "sp-webpart-workbench_en-us.js",
          "en-LK": "sp-webpart-workbench_en-us.js",
          "en-AE": "sp-webpart-workbench_en-us.js",
          "en-VN": "sp-webpart-workbench_en-us.js",
          "is": "sp-webpart-workbench_en-us.js",
          "km": "sp-webpart-workbench_en-us.js",
          "kh": "sp-webpart-workbench_en-us.js",
          "mt": "sp-webpart-workbench_en-us.js",
          "fa": "sp-webpart-workbench_en-us.js",
          "gd": "sp-webpart-workbench_en-us.js",
          "sr-Cyrl-BA": "sp-webpart-workbench_en-us.js",
          "sr-Latn-BA": "sp-webpart-workbench_en-us.js",
          "sd": "sp-webpart-workbench_en-us.js",
          "si": "sp-webpart-workbench_en-us.js",
          "so": "sp-webpart-workbench_en-us.js",
          "ti-ET": "sp-webpart-workbench_en-us.js",
          "uz": "sp-webpart-workbench_en-us.js",
          "en-SG": "sp-webpart-workbench_en-us.js",
          "en-HK": "sp-webpart-workbench_en-us.js",
          "en-MY": "sp-webpart-workbench_en-us.js",
          "en-PH": "sp-webpart-workbench_en-us.js",
          "en-TT": "sp-webpart-workbench_en-us.js",
          "en-AZ": "sp-webpart-workbench_en-us.js",
          "en-BH": "sp-webpart-workbench_en-us.js",
          "en-BN": "sp-webpart-workbench_en-us.js",
          "en-ID": "sp-webpart-workbench_en-us.js",
          "mi": "sp-webpart-workbench_en-us.js"
        },
        "defaultPath": "sp-webpart-workbench_default.js"
      },
      "@ms/sp-canvas": {
        "type": "component",
        "id": "85093aa7-8c12-4683-91aa-47cd5e2654db",
        "version": "2.5.0"
      },
      "tslib": {
        "type": "component",
        "id": "01c4df03-e775-48cb-aa14-171ee5199a15",
        "version": "1.10.0"
      },
      "@ms/sp-telemetry": {
        "type": "component",
        "id": "8217e442-8ed3-41fd-957d-b112e841286a",
        "version": "0.19.2"
      },
      "@microsoft/sp-application-base": {
        "type": "component",
        "id": "4df9bb86-ab0a-4aab-ab5f-48bf167048fb",
        "version": "1.12.1"
      },
      "@microsoft/sp-loader": {
        "type": "component",
        "id": "1c6c9123-7aac-41f3-a376-3caea41ed83f",
        "version": "1.12.1"
      },
      "@microsoft/office-ui-fabric-react-bundle": {
        "type": "component",
        "id": "02a01e42-69ab-403d-8a16-acd128661f8e",
        "version": "1.12.1"
      },
      "@microsoft/sp-core-library": {
        "type": "component",
        "id": "7263c7d0-1d6a-45ec-8d85-d4d1d234171b",
        "version": "1.12.1"
      },
      "@microsoft/sp-webpart-base": {
        "type": "component",
        "id": "974a7777-0990-4136-8fa6-95d80114c2e0",
        "version": "1.12.1"
      },
      "react": {
        "type": "component",
        "id": "0d910c1c-13b9-4e1c-9aa4-b008c5e42d7d",
        "version": "16.9.0"
      },
      "react-dom": {
        "type": "component",
        "id": "aa0a46ec-1505-43cd-a44a-93f3a5aa460a",
        "version": "16.9.0"
      },
      "@ms/uifabric-styling-bundle": {
        "type": "component",
        "id": "17ce0976-e69a-4355-be84-89b69a74717d",
        "version": "0.1.0"
      },
      "@microsoft/load-themed-styles": {
        "type": "component",
        "id": "229b8d08-79f3-438b-8c21-4613fc877abd",
        "version": "0.1.2"
      },
      "@ms/sp-canvas-read": {
        "type": "component",
        "id": "95273007-bacd-4c7c-a52c-fe18c3746a10",
        "version": "0.1.0"
      },
      "@ms/sp-a11y": {
        "type": "component",
        "id": "05ed6956-59ad-4aa6-9e4e-b832c96ae87b",
        "version": "0.7.17"
      }
    }
  }
}