{
  "manifestVersion": 2,
  "id": "95273007-bacd-4c7c-a52c-fe18c3746a10",
  "alias": "SpCanvasRead",
  "componentType": "Library",
  "version": "0.1.0",
  "loaderConfig": {
    "internalModuleBaseUrls": [
      "https://localhost:4321/dist/"
    ],
    "entryModuleId": "sp-canvas-read",
    "scriptResources": {
      "sp-canvas-read": {
        "type": "path",
        "path": "sp-canvas-read_none.js"
      },
      "tslib": {
        "type": "component",
        "id": "01c4df03-e775-48cb-aa14-171ee5199a15",
        "version": "1.10.0"
      },
      "@ms/sp-telemetry": {
        "type": "component",
        "id": "8217e442-8ed3-41fd-957d-b112e841286a",
        "version": "0.19.2"
      },
      "@microsoft/sp-component-base": {
        "type": "component",
        "id": "467dc675-7cc5-4709-8aac-78e3b71bd2f6",
        "version": "1.12.1"
      },
      "@microsoft/sp-loader": {
        "type": "component",
        "id": "1c6c9123-7aac-41f3-a376-3caea41ed83f",
        "version": "1.12.1"
      },
      "@microsoft/office-ui-fabric-react-bundle": {
        "type": "component",
        "id": "02a01e42-69ab-403d-8a16-acd128661f8e",
        "version": "1.12.1"
      },
      "@microsoft/sp-lodash-subset": {
        "type": "component",
        "id": "73e1dc6c-8441-42cc-ad47-4bd3659f8a3a",
        "version": "1.12.1"
      },
      "@microsoft/sp-core-library": {
        "type": "component",
        "id": "7263c7d0-1d6a-45ec-8d85-d4d1d234171b",
        "version": "1.12.1"
      },
      "@microsoft/sp-webpart-base": {
        "type": "component",
        "id": "974a7777-0990-4136-8fa6-95d80114c2e0",
        "version": "1.12.1"
      },
      "react": {
        "type": "component",
        "id": "0d910c1c-13b9-4e1c-9aa4-b008c5e42d7d",
        "version": "16.9.0"
      },
      "react-dom": {
        "type": "component",
        "id": "aa0a46ec-1505-43cd-a44a-93f3a5aa460a",
        "version": "16.9.0"
      },
      "@microsoft/load-themed-styles": {
        "type": "component",
        "id": "229b8d08-79f3-438b-8c21-4613fc877abd",
        "version": "0.1.2"
      },
      "@ms/sp-deferred-component": {
        "type": "component",
        "id": "fa4155f6-2498-4a20-8406-5cb3b385b142",
        "version": "0.4.175"
      },
      "@microsoft/sp-diagnostics": {
        "type": "component",
        "id": "78359e4b-07c2-43c6-8d0b-d060b4d577e8",
        "version": "1.12.1"
      },
      "@ms/uifabric-variants-bundle": {
        "type": "component",
        "id": "6ff2150d-f5a7-4af8-a69a-ecf112dc2a90",
        "version": "0.1.0"
      },
      "@ms/sp-viewport-loader": {
        "type": "component",
        "id": "5f4cceb9-6310-47e8-85d4-8149fc59b546",
        "version": "0.1.0"
      }
    }
  }
}