{
  "manifestVersion": 2,
  "id": "9ef3df07-744e-4793-9840-c67d47c41763",
  "alias": "SPTeamsLib",
  "componentType": "Library",
  "version": "0.1.0",
  "loaderConfig": {
    "internalModuleBaseUrls": [
      "http://localhost:4321/dist/"
    ],
    "entryModuleId": "sp-teams-lib",
    "scriptResources": {
      "sp-teams-lib": {
        "type": "path",
        "path": "sp-teams-lib_none.js"
      },
      "tslib": {
        "type": "component",
        "id": "01c4df03-e775-48cb-aa14-171ee5199a15",
        "version": "1.10.0"
      },
      "@ms/sp-telemetry": {
        "type": "component",
        "id": "8217e442-8ed3-41fd-957d-b112e841286a",
        "version": "0.19.2"
      },
      "@microsoft/sp-loader": {
        "type": "component",
        "id": "1c6c9123-7aac-41f3-a376-3caea41ed83f",
        "version": "1.12.1"
      },
      "@ms/odsp-core-bundle": {
        "type": "component",
        "id": "2e09fb9b-13bb-48f2-859f-97d6fff71176",
        "version": "1.1.13"
      },
      "@microsoft/sp-core-library": {
        "type": "component",
        "id": "7263c7d0-1d6a-45ec-8d85-d4d1d234171b",
        "version": "1.12.1"
      },
      "@microsoft/sp-page-context": {
        "type": "component",
        "id": "1c4541f7-5c31-41aa-9fa8-fbc9dc14c0a8",
        "version": "1.12.1"
      },
      "@ms/odsp-utilities-bundle": {
        "type": "component",
        "id": "cc2cc925-b5be-41bb-880a-f0f8030c6aff",
        "version": "5.3.140"
      }
    }
  }
}