{
  "manifestVersion": 2,
  "id": "a8d4def5-9852-45c7-905e-2e50203cbb98",
  "alias": "MySiteCache",
  "componentType": "Library",
  "version": "0.1.0",
  "loaderConfig": {
    "internalModuleBaseUrls": [
      "https://localhost:4321/dist/"
    ],
    "entryModuleId": "sp-mysitecache",
    "scriptResources": {
      "sp-mysitecache": {
        "type": "path",
        "path": "sp-mysitecache_none.js"
      },
      "tslib": {
        "type": "component",
        "id": "01c4df03-e775-48cb-aa14-171ee5199a15",
        "version": "1.10.0"
      },
      "@ms/sp-telemetry": {
        "type": "component",
        "id": "8217e442-8ed3-41fd-957d-b112e841286a",
        "version": "0.19.2"
      },
      "@microsoft/office-ui-fabric-react-bundle": {
        "type": "component",
        "id": "02a01e42-69ab-403d-8a16-acd128661f8e",
        "version": "1.12.1"
      },
      "@microsoft/sp-lodash-subset": {
        "type": "component",
        "id": "73e1dc6c-8441-42cc-ad47-4bd3659f8a3a",
        "version": "1.12.1"
      },
      "@microsoft/sp-core-library": {
        "type": "component",
        "id": "7263c7d0-1d6a-45ec-8d85-d4d1d234171b",
        "version": "1.12.1"
      },
      "@microsoft/sp-page-context": {
        "type": "component",
        "id": "1c4541f7-5c31-41aa-9fa8-fbc9dc14c0a8",
        "version": "1.12.1"
      },
      "@microsoft/sp-diagnostics": {
        "type": "component",
        "id": "78359e4b-07c2-43c6-8d0b-d060b4d577e8",
        "version": "1.12.1"
      },
      "@microsoft/sp-http": {
        "type": "component",
        "id": "c07208f0-ea3b-4c1a-9965-ac1b825211a6",
        "version": "1.12.1"
      },
      "@ms/odsp-utilities-bundle": {
        "type": "component",
        "id": "cc2cc925-b5be-41bb-880a-f0f8030c6aff",
        "version": "5.3.140"
      }
    }
  }
}