{
  "id": "aa0a46ec-1505-43cd-a44a-93f3a5aa460a",
  "alias": "ReactDOM",
  "componentType": "Library",
  "version": "16.9.0",
  "manifestVersion": 2,
  "loaderConfig": {
    "internalModuleBaseUrls": [
      "https://localhost:4321/dist/"
    ],
    "entryModuleId": "react-dom-16-bundle",
    "scriptResources": {
      "react-dom-16-bundle": {
        "type": "path",
        "path": "react-dom-16-bundle_none.js"
      },
      "react": {
        "type": "component",
        "id": "0d910c1c-13b9-4e1c-9aa4-b008c5e42d7d",
        "version": "16.9.0"
      }
    }
  }
}