{
  "manifestVersion": 2,
  "id": "bdb0f5dd-3bb4-4b93-b12a-71aa9e20bb09",
  "alias": "SPAnchor",
  "componentType": "Library",
  "version": "0.5.183",
  "loaderConfig": {
    "internalModuleBaseUrls": [
      "https://localhost:4321/dist/"
    ],
    "entryModuleId": "sp-anchor",
    "scriptResources": {
      "sp-anchor": {
        "type": "localizedPath",
        "paths": {
          "default": "sp-anchor_default.js",
          "en-US": "sp-anchor_en-us.js",
          "qps-ploca": "sp-anchor_qps-ploca.js",
          "qps-ploc": "sp-anchor_qps-ploc.js",
          "en-GB": "sp-anchor_en-us.js",
          "en-NZ": "sp-anchor_en-us.js",
          "en-IE": "sp-anchor_en-us.js",
          "en-AU": "sp-anchor_en-us.js",
          "bn": "sp-anchor_en-us.js",
          "chr": "sp-anchor_en-us.js",
          "dv": "sp-anchor_en-us.js",
          "div": "sp-anchor_en-us.js",
          "en": "sp-anchor_en-us.js",
          "fil": "sp-anchor_en-us.js",
          "haw": "sp-anchor_en-us.js",
          "iu": "sp-anchor_en-us.js",
          "lo": "sp-anchor_en-us.js",
          "moh": "sp-anchor_en-us.js",
          "sq": "sp-anchor_en-us.js",
          "am": "sp-anchor_en-us.js",
          "hy": "sp-anchor_en-us.js",
          "mk": "sp-anchor_en-us.js",
          "bs": "sp-anchor_en-us.js",
          "my": "sp-anchor_en-us.js",
          "dz": "sp-anchor_en-us.js",
          "en-CY": "sp-anchor_en-us.js",
          "en-EG": "sp-anchor_en-us.js",
          "en-IL": "sp-anchor_en-us.js",
          "en-IS": "sp-anchor_en-us.js",
          "en-JO": "sp-anchor_en-us.js",
          "en-KE": "sp-anchor_en-us.js",
          "en-KW": "sp-anchor_en-us.js",
          "en-MK": "sp-anchor_en-us.js",
          "en-MT": "sp-anchor_en-us.js",
          "en-PK": "sp-anchor_en-us.js",
          "en-QA": "sp-anchor_en-us.js",
          "en-SA": "sp-anchor_en-us.js",
          "en-LK": "sp-anchor_en-us.js",
          "en-AE": "sp-anchor_en-us.js",
          "en-VN": "sp-anchor_en-us.js",
          "is": "sp-anchor_en-us.js",
          "km": "sp-anchor_en-us.js",
          "kh": "sp-anchor_en-us.js",
          "mt": "sp-anchor_en-us.js",
          "fa": "sp-anchor_en-us.js",
          "gd": "sp-anchor_en-us.js",
          "sr-Cyrl-BA": "sp-anchor_en-us.js",
          "sr-Latn-BA": "sp-anchor_en-us.js",
          "sd": "sp-anchor_en-us.js",
          "si": "sp-anchor_en-us.js",
          "so": "sp-anchor_en-us.js",
          "ti-ET": "sp-anchor_en-us.js",
          "uz": "sp-anchor_en-us.js",
          "en-SG": "sp-anchor_en-us.js",
          "en-HK": "sp-anchor_en-us.js",
          "en-MY": "sp-anchor_en-us.js",
          "en-PH": "sp-anchor_en-us.js",
          "en-TT": "sp-anchor_en-us.js",
          "en-AZ": "sp-anchor_en-us.js",
          "en-BH": "sp-anchor_en-us.js",
          "en-BN": "sp-anchor_en-us.js",
          "en-ID": "sp-anchor_en-us.js",
          "mi": "sp-anchor_en-us.js"
        },
        "defaultPath": "sp-anchor_default.js"
      },
      "tslib": {
        "type": "component",
        "id": "01c4df03-e775-48cb-aa14-171ee5199a15",
        "version": "1.10.0"
      },
      "@microsoft/office-ui-fabric-react-bundle": {
        "type": "component",
        "id": "02a01e42-69ab-403d-8a16-acd128661f8e",
        "version": "1.12.1"
      },
      "@microsoft/sp-core-library": {
        "type": "component",
        "id": "7263c7d0-1d6a-45ec-8d85-d4d1d234171b",
        "version": "1.12.1"
      },
      "react": {
        "type": "component",
        "id": "0d910c1c-13b9-4e1c-9aa4-b008c5e42d7d",
        "version": "16.9.0"
      },
      "@microsoft/load-themed-styles": {
        "type": "component",
        "id": "229b8d08-79f3-438b-8c21-4613fc877abd",
        "version": "0.1.2"
      },
      "@microsoft/sp-diagnostics": {
        "type": "component",
        "id": "78359e4b-07c2-43c6-8d0b-d060b4d577e8",
        "version": "1.12.1"
      },
      "@ms/odsp-utilities-bundle": {
        "type": "component",
        "id": "cc2cc925-b5be-41bb-880a-f0f8030c6aff",
        "version": "5.3.140"
      }
    }
  }
}