{
  "manifestVersion": 2,
  "id": "c79b9f88-6338-40fb-b463-3aad22a88b15",
  "alias": "sp-webpart-shared-editmode",
  "componentType": "Library",
  "version": "0.1.0",
  "loaderConfig": {
    "internalModuleBaseUrls": [
      "https://localhost:4321/dist/"
    ],
    "entryModuleId": "sp-webpart-shared-editmode",
    "scriptResources": {
      "sp-webpart-shared-editmode": {
        "type": "localizedPath",
        "paths": {
          "default": "sp-webpart-shared-editmode_default.js",
          "en-US": "sp-webpart-shared-editmode_en-us.js",
          "qps-ploca": "sp-webpart-shared-editmode_qps-ploca.js",
          "qps-ploc": "sp-webpart-shared-editmode_qps-ploc.js",
          "en-GB": "sp-webpart-shared-editmode_en-us.js",
          "en-NZ": "sp-webpart-shared-editmode_en-us.js",
          "en-IE": "sp-webpart-shared-editmode_en-us.js",
          "en-AU": "sp-webpart-shared-editmode_en-us.js",
          "bn": "sp-webpart-shared-editmode_en-us.js",
          "chr": "sp-webpart-shared-editmode_en-us.js",
          "dv": "sp-webpart-shared-editmode_en-us.js",
          "div": "sp-webpart-shared-editmode_en-us.js",
          "en": "sp-webpart-shared-editmode_en-us.js",
          "fil": "sp-webpart-shared-editmode_en-us.js",
          "haw": "sp-webpart-shared-editmode_en-us.js",
          "iu": "sp-webpart-shared-editmode_en-us.js",
          "lo": "sp-webpart-shared-editmode_en-us.js",
          "moh": "sp-webpart-shared-editmode_en-us.js",
          "sq": "sp-webpart-shared-editmode_en-us.js",
          "am": "sp-webpart-shared-editmode_en-us.js",
          "hy": "sp-webpart-shared-editmode_en-us.js",
          "mk": "sp-webpart-shared-editmode_en-us.js",
          "bs": "sp-webpart-shared-editmode_en-us.js",
          "my": "sp-webpart-shared-editmode_en-us.js",
          "dz": "sp-webpart-shared-editmode_en-us.js",
          "en-CY": "sp-webpart-shared-editmode_en-us.js",
          "en-EG": "sp-webpart-shared-editmode_en-us.js",
          "en-IL": "sp-webpart-shared-editmode_en-us.js",
          "en-IS": "sp-webpart-shared-editmode_en-us.js",
          "en-JO": "sp-webpart-shared-editmode_en-us.js",
          "en-KE": "sp-webpart-shared-editmode_en-us.js",
          "en-KW": "sp-webpart-shared-editmode_en-us.js",
          "en-MK": "sp-webpart-shared-editmode_en-us.js",
          "en-MT": "sp-webpart-shared-editmode_en-us.js",
          "en-PK": "sp-webpart-shared-editmode_en-us.js",
          "en-QA": "sp-webpart-shared-editmode_en-us.js",
          "en-SA": "sp-webpart-shared-editmode_en-us.js",
          "en-LK": "sp-webpart-shared-editmode_en-us.js",
          "en-AE": "sp-webpart-shared-editmode_en-us.js",
          "en-VN": "sp-webpart-shared-editmode_en-us.js",
          "is": "sp-webpart-shared-editmode_en-us.js",
          "km": "sp-webpart-shared-editmode_en-us.js",
          "kh": "sp-webpart-shared-editmode_en-us.js",
          "mt": "sp-webpart-shared-editmode_en-us.js",
          "fa": "sp-webpart-shared-editmode_en-us.js",
          "gd": "sp-webpart-shared-editmode_en-us.js",
          "sr-Cyrl-BA": "sp-webpart-shared-editmode_en-us.js",
          "sr-Latn-BA": "sp-webpart-shared-editmode_en-us.js",
          "sd": "sp-webpart-shared-editmode_en-us.js",
          "si": "sp-webpart-shared-editmode_en-us.js",
          "so": "sp-webpart-shared-editmode_en-us.js",
          "ti-ET": "sp-webpart-shared-editmode_en-us.js",
          "uz": "sp-webpart-shared-editmode_en-us.js",
          "en-SG": "sp-webpart-shared-editmode_en-us.js",
          "en-HK": "sp-webpart-shared-editmode_en-us.js",
          "en-MY": "sp-webpart-shared-editmode_en-us.js",
          "en-PH": "sp-webpart-shared-editmode_en-us.js",
          "en-TT": "sp-webpart-shared-editmode_en-us.js",
          "en-AZ": "sp-webpart-shared-editmode_en-us.js",
          "en-BH": "sp-webpart-shared-editmode_en-us.js",
          "en-BN": "sp-webpart-shared-editmode_en-us.js",
          "en-ID": "sp-webpart-shared-editmode_en-us.js",
          "mi": "sp-webpart-shared-editmode_en-us.js"
        },
        "defaultPath": "sp-webpart-shared-editmode_default.js"
      },
      "tslib": {
        "type": "component",
        "id": "01c4df03-e775-48cb-aa14-171ee5199a15",
        "version": "1.10.0"
      },
      "@ms/sp-telemetry": {
        "type": "component",
        "id": "8217e442-8ed3-41fd-957d-b112e841286a",
        "version": "0.19.2"
      },
      "@microsoft/sp-loader": {
        "type": "component",
        "id": "1c6c9123-7aac-41f3-a376-3caea41ed83f",
        "version": "1.12.1"
      },
      "@microsoft/office-ui-fabric-react-bundle": {
        "type": "component",
        "id": "02a01e42-69ab-403d-8a16-acd128661f8e",
        "version": "1.12.1"
      },
      "@microsoft/sp-core-library": {
        "type": "component",
        "id": "7263c7d0-1d6a-45ec-8d85-d4d1d234171b",
        "version": "1.12.1"
      },
      "@microsoft/sp-page-context": {
        "type": "component",
        "id": "1c4541f7-5c31-41aa-9fa8-fbc9dc14c0a8",
        "version": "1.12.1"
      },
      "@microsoft/sp-webpart-base": {
        "type": "component",
        "id": "974a7777-0990-4136-8fa6-95d80114c2e0",
        "version": "1.12.1"
      },
      "react": {
        "type": "component",
        "id": "0d910c1c-13b9-4e1c-9aa4-b008c5e42d7d",
        "version": "16.9.0"
      },
      "@ms/sp-component-utilities": {
        "type": "component",
        "id": "8494e7d7-6b99-47b2-a741-59873e42f16f",
        "version": "11.10.1"
      },
      "@microsoft/load-themed-styles": {
        "type": "component",
        "id": "229b8d08-79f3-438b-8c21-4613fc877abd",
        "version": "0.1.2"
      },
      "@microsoft/sp-diagnostics": {
        "type": "component",
        "id": "78359e4b-07c2-43c6-8d0b-d060b4d577e8",
        "version": "1.12.1"
      },
      "@microsoft/sp-http": {
        "type": "component",
        "id": "c07208f0-ea3b-4c1a-9965-ac1b825211a6",
        "version": "1.12.1"
      },
      "@ms/odsp-utilities-bundle": {
        "type": "component",
        "id": "cc2cc925-b5be-41bb-880a-f0f8030c6aff",
        "version": "5.3.140"
      }
    }
  }
}