{
  "id": "c83d5509-ccd5-4c67-919f-2440f237927a",
  "alias": "I18nUtilities",
  "componentType": "Library",
  "version": "0.2.231",
  "manifestVersion": 2,
  "loaderConfig": {
    "internalModuleBaseUrls": [
      "https://localhost:4321/dist/"
    ],
    "entryModuleId": "i18n-utilities-bundle",
    "scriptResources": {
      "i18n-utilities-bundle": {
        "type": "localizedPath",
        "paths": {
          "default": "i18n-utilities-bundle_default.js",
          "en-US": "i18n-utilities-bundle_en-us.js",
          "qps-ploca": "i18n-utilities-bundle_qps-ploca.js",
          "qps-ploc": "i18n-utilities-bundle_qps-ploc.js",
          "en-GB": "i18n-utilities-bundle_en-us.js",
          "en-NZ": "i18n-utilities-bundle_en-us.js",
          "en-IE": "i18n-utilities-bundle_en-us.js",
          "en-AU": "i18n-utilities-bundle_en-us.js",
          "bn": "i18n-utilities-bundle_en-us.js",
          "chr": "i18n-utilities-bundle_en-us.js",
          "dv": "i18n-utilities-bundle_en-us.js",
          "div": "i18n-utilities-bundle_en-us.js",
          "en": "i18n-utilities-bundle_en-us.js",
          "fil": "i18n-utilities-bundle_en-us.js",
          "haw": "i18n-utilities-bundle_en-us.js",
          "iu": "i18n-utilities-bundle_en-us.js",
          "lo": "i18n-utilities-bundle_en-us.js",
          "moh": "i18n-utilities-bundle_en-us.js",
          "sq": "i18n-utilities-bundle_en-us.js",
          "am": "i18n-utilities-bundle_en-us.js",
          "hy": "i18n-utilities-bundle_en-us.js",
          "mk": "i18n-utilities-bundle_en-us.js",
          "bs": "i18n-utilities-bundle_en-us.js",
          "my": "i18n-utilities-bundle_en-us.js",
          "dz": "i18n-utilities-bundle_en-us.js",
          "en-CY": "i18n-utilities-bundle_en-us.js",
          "en-EG": "i18n-utilities-bundle_en-us.js",
          "en-IL": "i18n-utilities-bundle_en-us.js",
          "en-IS": "i18n-utilities-bundle_en-us.js",
          "en-JO": "i18n-utilities-bundle_en-us.js",
          "en-KE": "i18n-utilities-bundle_en-us.js",
          "en-KW": "i18n-utilities-bundle_en-us.js",
          "en-MK": "i18n-utilities-bundle_en-us.js",
          "en-MT": "i18n-utilities-bundle_en-us.js",
          "en-PK": "i18n-utilities-bundle_en-us.js",
          "en-QA": "i18n-utilities-bundle_en-us.js",
          "en-SA": "i18n-utilities-bundle_en-us.js",
          "en-LK": "i18n-utilities-bundle_en-us.js",
          "en-AE": "i18n-utilities-bundle_en-us.js",
          "en-VN": "i18n-utilities-bundle_en-us.js",
          "is": "i18n-utilities-bundle_en-us.js",
          "km": "i18n-utilities-bundle_en-us.js",
          "kh": "i18n-utilities-bundle_en-us.js",
          "mt": "i18n-utilities-bundle_en-us.js",
          "fa": "i18n-utilities-bundle_en-us.js",
          "gd": "i18n-utilities-bundle_en-us.js",
          "sr-Cyrl-BA": "i18n-utilities-bundle_en-us.js",
          "sr-Latn-BA": "i18n-utilities-bundle_en-us.js",
          "sd": "i18n-utilities-bundle_en-us.js",
          "si": "i18n-utilities-bundle_en-us.js",
          "so": "i18n-utilities-bundle_en-us.js",
          "ti-ET": "i18n-utilities-bundle_en-us.js",
          "uz": "i18n-utilities-bundle_en-us.js",
          "en-SG": "i18n-utilities-bundle_en-us.js",
          "en-HK": "i18n-utilities-bundle_en-us.js",
          "en-MY": "i18n-utilities-bundle_en-us.js",
          "en-PH": "i18n-utilities-bundle_en-us.js",
          "en-TT": "i18n-utilities-bundle_en-us.js",
          "en-AZ": "i18n-utilities-bundle_en-us.js",
          "en-BH": "i18n-utilities-bundle_en-us.js",
          "en-BN": "i18n-utilities-bundle_en-us.js",
          "en-ID": "i18n-utilities-bundle_en-us.js",
          "mi": "i18n-utilities-bundle_en-us.js"
        },
        "defaultPath": "i18n-utilities-bundle_default.js"
      },
      "@ms/globalize-bundle": {
        "type": "component",
        "id": "da71836d-ece8-41d2-8893-da69034ae453",
        "version": "1.4.3"
      }
    }
  }
}