{
  "manifestVersion": 2,
  "id": "cc2cc925-b5be-41bb-880a-f0f8030c6aff",
  "alias": "OdspUtilitiesBundle",
  "componentType": "Library",
  "version": "5.3.140",
  "loaderConfig": {
    "internalModuleBaseUrls": [
      "http://localhost:4321/dist/"
    ],
    "entryModuleId": "odsp-utilities-bundle",
    "scriptResources": {
      "odsp-utilities-bundle": {
        "type": "localizedPath",
        "paths": {
          "default": "odsp-utilities-bundle_default.js",
          "en-US": "odsp-utilities-bundle_en-us.js",
          "qps-ploca": "odsp-utilities-bundle_qps-ploca.js",
          "qps-ploc": "odsp-utilities-bundle_qps-ploc.js",
          "en-GB": "odsp-utilities-bundle_en-us.js",
          "en-NZ": "odsp-utilities-bundle_en-us.js",
          "en-IE": "odsp-utilities-bundle_en-us.js",
          "en-AU": "odsp-utilities-bundle_en-us.js",
          "bn": "odsp-utilities-bundle_en-us.js",
          "chr": "odsp-utilities-bundle_en-us.js",
          "dv": "odsp-utilities-bundle_en-us.js",
          "div": "odsp-utilities-bundle_en-us.js",
          "en": "odsp-utilities-bundle_en-us.js",
          "fil": "odsp-utilities-bundle_en-us.js",
          "haw": "odsp-utilities-bundle_en-us.js",
          "iu": "odsp-utilities-bundle_en-us.js",
          "lo": "odsp-utilities-bundle_en-us.js",
          "moh": "odsp-utilities-bundle_en-us.js",
          "sq": "odsp-utilities-bundle_en-us.js",
          "am": "odsp-utilities-bundle_en-us.js",
          "hy": "odsp-utilities-bundle_en-us.js",
          "mk": "odsp-utilities-bundle_en-us.js",
          "bs": "odsp-utilities-bundle_en-us.js",
          "my": "odsp-utilities-bundle_en-us.js",
          "dz": "odsp-utilities-bundle_en-us.js",
          "en-CY": "odsp-utilities-bundle_en-us.js",
          "en-EG": "odsp-utilities-bundle_en-us.js",
          "en-IL": "odsp-utilities-bundle_en-us.js",
          "en-IS": "odsp-utilities-bundle_en-us.js",
          "en-JO": "odsp-utilities-bundle_en-us.js",
          "en-KE": "odsp-utilities-bundle_en-us.js",
          "en-KW": "odsp-utilities-bundle_en-us.js",
          "en-MK": "odsp-utilities-bundle_en-us.js",
          "en-MT": "odsp-utilities-bundle_en-us.js",
          "en-PK": "odsp-utilities-bundle_en-us.js",
          "en-QA": "odsp-utilities-bundle_en-us.js",
          "en-SA": "odsp-utilities-bundle_en-us.js",
          "en-LK": "odsp-utilities-bundle_en-us.js",
          "en-AE": "odsp-utilities-bundle_en-us.js",
          "en-VN": "odsp-utilities-bundle_en-us.js",
          "is": "odsp-utilities-bundle_en-us.js",
          "km": "odsp-utilities-bundle_en-us.js",
          "kh": "odsp-utilities-bundle_en-us.js",
          "mt": "odsp-utilities-bundle_en-us.js",
          "fa": "odsp-utilities-bundle_en-us.js",
          "gd": "odsp-utilities-bundle_en-us.js",
          "sr-Cyrl-BA": "odsp-utilities-bundle_en-us.js",
          "sr-Latn-BA": "odsp-utilities-bundle_en-us.js",
          "sd": "odsp-utilities-bundle_en-us.js",
          "si": "odsp-utilities-bundle_en-us.js",
          "so": "odsp-utilities-bundle_en-us.js",
          "ti-ET": "odsp-utilities-bundle_en-us.js",
          "uz": "odsp-utilities-bundle_en-us.js",
          "en-SG": "odsp-utilities-bundle_en-us.js",
          "en-HK": "odsp-utilities-bundle_en-us.js",
          "en-MY": "odsp-utilities-bundle_en-us.js",
          "en-PH": "odsp-utilities-bundle_en-us.js",
          "en-TT": "odsp-utilities-bundle_en-us.js",
          "en-AZ": "odsp-utilities-bundle_en-us.js",
          "en-BH": "odsp-utilities-bundle_en-us.js",
          "en-BN": "odsp-utilities-bundle_en-us.js",
          "en-ID": "odsp-utilities-bundle_en-us.js",
          "mi": "odsp-utilities-bundle_en-us.js"
        },
        "defaultPath": "odsp-utilities-bundle_default.js"
      },
      "tslib": {
        "type": "component",
        "id": "01c4df03-e775-48cb-aa14-171ee5199a15",
        "version": "1.10.0"
      },
      "@ms/odsp-core-bundle": {
        "type": "component",
        "id": "2e09fb9b-13bb-48f2-859f-97d6fff71176",
        "version": "1.1.13"
      }
    }
  }
}