{
  "manifestVersion": 2,
  "id": "da71836d-ece8-41d2-8893-da69034ae453",
  "alias": "globalizeBundle",
  "componentType": "Library",
  "version": "1.4.3",
  "loaderConfig": {
    "internalModuleBaseUrls": [
      "https://localhost:4321/dist/"
    ],
    "entryModuleId": "globalize-bundle",
    "scriptResources": {
      "globalize-bundle": {
        "type": "localizedPath",
        "paths": {
          "en-US": "globalize-bundle_en-us_none.js",
          "default": "globalize-bundle_default_none.js",
          "en-GB": "globalize-bundle_en-us_none.js",
          "en-NZ": "globalize-bundle_en-us_none.js",
          "en-IE": "globalize-bundle_en-us_none.js",
          "en-AU": "globalize-bundle_en-us_none.js",
          "bn": "globalize-bundle_en-us_none.js",
          "chr": "globalize-bundle_en-us_none.js",
          "dv": "globalize-bundle_en-us_none.js",
          "div": "globalize-bundle_en-us_none.js",
          "en": "globalize-bundle_en-us_none.js",
          "fil": "globalize-bundle_en-us_none.js",
          "haw": "globalize-bundle_en-us_none.js",
          "iu": "globalize-bundle_en-us_none.js",
          "lo": "globalize-bundle_en-us_none.js",
          "moh": "globalize-bundle_en-us_none.js",
          "sq": "globalize-bundle_en-us_none.js",
          "am": "globalize-bundle_en-us_none.js",
          "hy": "globalize-bundle_en-us_none.js",
          "mk": "globalize-bundle_en-us_none.js",
          "bs": "globalize-bundle_en-us_none.js",
          "my": "globalize-bundle_en-us_none.js",
          "dz": "globalize-bundle_en-us_none.js",
          "en-CY": "globalize-bundle_en-us_none.js",
          "en-EG": "globalize-bundle_en-us_none.js",
          "en-IL": "globalize-bundle_en-us_none.js",
          "en-IS": "globalize-bundle_en-us_none.js",
          "en-JO": "globalize-bundle_en-us_none.js",
          "en-KE": "globalize-bundle_en-us_none.js",
          "en-KW": "globalize-bundle_en-us_none.js",
          "en-MK": "globalize-bundle_en-us_none.js",
          "en-MT": "globalize-bundle_en-us_none.js",
          "en-PK": "globalize-bundle_en-us_none.js",
          "en-QA": "globalize-bundle_en-us_none.js",
          "en-SA": "globalize-bundle_en-us_none.js",
          "en-LK": "globalize-bundle_en-us_none.js",
          "en-AE": "globalize-bundle_en-us_none.js",
          "en-VN": "globalize-bundle_en-us_none.js",
          "is": "globalize-bundle_en-us_none.js",
          "km": "globalize-bundle_en-us_none.js",
          "kh": "globalize-bundle_en-us_none.js",
          "mt": "globalize-bundle_en-us_none.js",
          "fa": "globalize-bundle_en-us_none.js",
          "gd": "globalize-bundle_en-us_none.js",
          "sr-Cyrl-BA": "globalize-bundle_en-us_none.js",
          "sr-Latn-BA": "globalize-bundle_en-us_none.js",
          "sd": "globalize-bundle_en-us_none.js",
          "si": "globalize-bundle_en-us_none.js",
          "so": "globalize-bundle_en-us_none.js",
          "ti-ET": "globalize-bundle_en-us_none.js",
          "uz": "globalize-bundle_en-us_none.js",
          "en-SG": "globalize-bundle_en-us_none.js",
          "en-HK": "globalize-bundle_en-us_none.js",
          "en-MY": "globalize-bundle_en-us_none.js",
          "en-PH": "globalize-bundle_en-us_none.js",
          "en-TT": "globalize-bundle_en-us_none.js",
          "en-AZ": "globalize-bundle_en-us_none.js",
          "en-BH": "globalize-bundle_en-us_none.js",
          "en-BN": "globalize-bundle_en-us_none.js",
          "en-ID": "globalize-bundle_en-us_none.js",
          "mi": "globalize-bundle_en-us_none.js"
        },
        "defaultPath": "globalize-bundle_default_none.js"
      }
    }
  }
}