{
  "manifestVersion": 2,
  "id": "dd6f4302-b840-4db3-919d-e8bcba06daaa",
  "alias": "ContentHandler",
  "componentType": "Library",
  "version": "0.1.0",
  "loaderConfig": {
    "internalModuleBaseUrls": [
      "https://localhost:4321/dist/"
    ],
    "entryModuleId": "content-handler-library",
    "scriptResources": {
      "content-handler-library": {
        "type": "path",
        "path": "content-handler-library_none.js"
      },
      "@microsoft/sp-core-library": {
        "type": "component",
        "id": "7263c7d0-1d6a-45ec-8d85-d4d1d234171b",
        "version": "1.12.1"
      },
      "@ms/sp-component-utilities": {
        "type": "component",
        "id": "8494e7d7-6b99-47b2-a741-59873e42f16f",
        "version": "11.10.1"
      }
    }
  }
}