{
  "id": "e795d530-8fb6-425c-b864-b86735dbae1d",
  "alias": "SPPagePicker",
  "componentType": "Library",
  "version": "1.7.153",
  "manifestVersion": 2,
  "loaderConfig": {
    "internalModuleBaseUrls": [
      "https://localhost:4321/dist/"
    ],
    "entryModuleId": "sp-pagepicker",
    "scriptResources": {
      "sp-pagepicker": {
        "type": "localizedPath",
        "paths": {
          "default": "sp-pagepicker_default.js",
          "en-US": "sp-pagepicker_en-us.js",
          "qps-ploca": "sp-pagepicker_qps-ploca.js",
          "qps-ploc": "sp-pagepicker_qps-ploc.js",
          "en-GB": "sp-pagepicker_en-us.js",
          "en-NZ": "sp-pagepicker_en-us.js",
          "en-IE": "sp-pagepicker_en-us.js",
          "en-AU": "sp-pagepicker_en-us.js",
          "bn": "sp-pagepicker_en-us.js",
          "chr": "sp-pagepicker_en-us.js",
          "dv": "sp-pagepicker_en-us.js",
          "div": "sp-pagepicker_en-us.js",
          "en": "sp-pagepicker_en-us.js",
          "fil": "sp-pagepicker_en-us.js",
          "haw": "sp-pagepicker_en-us.js",
          "iu": "sp-pagepicker_en-us.js",
          "lo": "sp-pagepicker_en-us.js",
          "moh": "sp-pagepicker_en-us.js",
          "sq": "sp-pagepicker_en-us.js",
          "am": "sp-pagepicker_en-us.js",
          "hy": "sp-pagepicker_en-us.js",
          "mk": "sp-pagepicker_en-us.js",
          "bs": "sp-pagepicker_en-us.js",
          "my": "sp-pagepicker_en-us.js",
          "dz": "sp-pagepicker_en-us.js",
          "en-CY": "sp-pagepicker_en-us.js",
          "en-EG": "sp-pagepicker_en-us.js",
          "en-IL": "sp-pagepicker_en-us.js",
          "en-IS": "sp-pagepicker_en-us.js",
          "en-JO": "sp-pagepicker_en-us.js",
          "en-KE": "sp-pagepicker_en-us.js",
          "en-KW": "sp-pagepicker_en-us.js",
          "en-MK": "sp-pagepicker_en-us.js",
          "en-MT": "sp-pagepicker_en-us.js",
          "en-PK": "sp-pagepicker_en-us.js",
          "en-QA": "sp-pagepicker_en-us.js",
          "en-SA": "sp-pagepicker_en-us.js",
          "en-LK": "sp-pagepicker_en-us.js",
          "en-AE": "sp-pagepicker_en-us.js",
          "en-VN": "sp-pagepicker_en-us.js",
          "is": "sp-pagepicker_en-us.js",
          "km": "sp-pagepicker_en-us.js",
          "kh": "sp-pagepicker_en-us.js",
          "mt": "sp-pagepicker_en-us.js",
          "fa": "sp-pagepicker_en-us.js",
          "gd": "sp-pagepicker_en-us.js",
          "sr-Cyrl-BA": "sp-pagepicker_en-us.js",
          "sr-Latn-BA": "sp-pagepicker_en-us.js",
          "sd": "sp-pagepicker_en-us.js",
          "si": "sp-pagepicker_en-us.js",
          "so": "sp-pagepicker_en-us.js",
          "ti-ET": "sp-pagepicker_en-us.js",
          "uz": "sp-pagepicker_en-us.js",
          "en-SG": "sp-pagepicker_en-us.js",
          "en-HK": "sp-pagepicker_en-us.js",
          "en-MY": "sp-pagepicker_en-us.js",
          "en-PH": "sp-pagepicker_en-us.js",
          "en-TT": "sp-pagepicker_en-us.js",
          "en-AZ": "sp-pagepicker_en-us.js",
          "en-BH": "sp-pagepicker_en-us.js",
          "en-BN": "sp-pagepicker_en-us.js",
          "en-ID": "sp-pagepicker_en-us.js",
          "mi": "sp-pagepicker_en-us.js"
        },
        "defaultPath": "sp-pagepicker_default.js"
      },
      "tslib": {
        "type": "component",
        "id": "01c4df03-e775-48cb-aa14-171ee5199a15",
        "version": "1.10.0"
      },
      "@ms/sp-telemetry": {
        "type": "component",
        "id": "8217e442-8ed3-41fd-957d-b112e841286a",
        "version": "0.19.2"
      },
      "@microsoft/sp-loader": {
        "type": "component",
        "id": "1c6c9123-7aac-41f3-a376-3caea41ed83f",
        "version": "1.12.1"
      },
      "@microsoft/sp-lodash-subset": {
        "type": "component",
        "id": "73e1dc6c-8441-42cc-ad47-4bd3659f8a3a",
        "version": "1.12.1"
      },
      "@microsoft/sp-core-library": {
        "type": "component",
        "id": "7263c7d0-1d6a-45ec-8d85-d4d1d234171b",
        "version": "1.12.1"
      },
      "@microsoft/sp-page-context": {
        "type": "component",
        "id": "1c4541f7-5c31-41aa-9fa8-fbc9dc14c0a8",
        "version": "1.12.1"
      },
      "@ms/i18n-utilities": {
        "type": "component",
        "id": "c83d5509-ccd5-4c67-919f-2440f237927a",
        "version": "0.2.231"
      },
      "react": {
        "type": "component",
        "id": "0d910c1c-13b9-4e1c-9aa4-b008c5e42d7d",
        "version": "16.9.0"
      },
      "react-dom": {
        "type": "component",
        "id": "aa0a46ec-1505-43cd-a44a-93f3a5aa460a",
        "version": "16.9.0"
      },
      "@microsoft/load-themed-styles": {
        "type": "component",
        "id": "229b8d08-79f3-438b-8c21-4613fc877abd",
        "version": "0.1.2"
      },
      "@microsoft/sp-diagnostics": {
        "type": "component",
        "id": "78359e4b-07c2-43c6-8d0b-d060b4d577e8",
        "version": "1.12.1"
      },
      "@microsoft/sp-http": {
        "type": "component",
        "id": "c07208f0-ea3b-4c1a-9965-ac1b825211a6",
        "version": "1.12.1"
      }
    }
  }
}