{
  "id": "f7fa85fe-da91-45cb-9813-5c31106cba7b",
  "alias": "SPDragZone",
  "componentType": "Library",
  "version": "0.1.0",
  "manifestVersion": 2,
  "loaderConfig": {
    "internalModuleBaseUrls": [
      "https://localhost:4321/dist/"
    ],
    "entryModuleId": "sp-dragzone",
    "scriptResources": {
      "sp-dragzone": {
        "type": "path",
        "path": "sp-dragzone_none.js"
      },
      "tslib": {
        "type": "component",
        "id": "01c4df03-e775-48cb-aa14-171ee5199a15",
        "version": "1.10.0"
      },
      "@microsoft/sp-loader": {
        "type": "component",
        "id": "1c6c9123-7aac-41f3-a376-3caea41ed83f",
        "version": "1.12.1"
      },
      "@microsoft/office-ui-fabric-react-bundle": {
        "type": "component",
        "id": "02a01e42-69ab-403d-8a16-acd128661f8e",
        "version": "1.12.1"
      },
      "react": {
        "type": "component",
        "id": "0d910c1c-13b9-4e1c-9aa4-b008c5e42d7d",
        "version": "16.9.0"
      },
      "@microsoft/load-themed-styles": {
        "type": "component",
        "id": "229b8d08-79f3-438b-8c21-4613fc877abd",
        "version": "0.1.2"
      }
    }
  }
}