{
  "manifestVersion": 2,
  "id": "fa4155f6-2498-4a20-8406-5cb3b385b142",
  "alias": "SPDeferredComponent",
  "componentType": "Library",
  "version": "0.4.175",
  "loaderConfig": {
    "internalModuleBaseUrls": [
      "https://localhost:4321/dist/"
    ],
    "entryModuleId": "sp-deferred-component",
    "scriptResources": {
      "sp-deferred-component": {
        "type": "path",
        "path": "sp-deferred-component_none.js"
      },
      "tslib": {
        "type": "component",
        "id": "01c4df03-e775-48cb-aa14-171ee5199a15",
        "version": "1.10.0"
      },
      "react": {
        "type": "component",
        "id": "0d910c1c-13b9-4e1c-9aa4-b008c5e42d7d",
        "version": "16.9.0"
      }
    }
  }
}